-- 
insert into movies_movie (id, title, year, runtime, description, rating, image)

values 
	(1, 'The Avengers', 2012, 143, 'Earths mightiest heroes must come together and learn to fight as a team if they are going to stop the mischievous Loki and his alien army from enslaving humanity.', 0, 'https://m.media-amazon.com/images/M/MV5BNDYxNjQyMjAtNTdiOS00NGYwLWFmNTAtNThmYjU5ZGI2YTI1XkEyXkFqcGdeQXVyMTMxODk2OTU@._V1_.jpg'),
	(2, 'Thor: Love and Thunder', 2022, 118, 'Thor enlists the help of Valkyrie, Korg and ex-girlfriend Jane Foster to fight Gorr the God Butcher, who intends to make the gods extinct.', 0, 'https://m.media-amazon.com/images/M/MV5BYmMxZWRiMTgtZjM0Ny00NDQxLWIxYWQtZDdlNDNkOTEzYTdlXkEyXkFqcGdeQXVyMTkxNjUyNQ@@._V1_.jpg'),
	(3, 'Kung Fu Panda 3', 2016, 95, 'Continuing his "legendary adventures of awesomeness", Po must face two hugely epic, but different threats: one supernatural and the other a little closer to home.', 0, 'https://m.media-amazon.com/images/M/MV5BMTUyNzgxNjg2M15BMl5BanBnXkFtZTgwMTY1NDI1NjE@._V1_FMjpg_UX1000_.jpg'),
	(4, 'Avatar', 2009, 143, 'A paraplegic Marine dispatched to the moon Pandora on a unique mission becomes torn between following his orders and protecting the world he feels is his home.', 0, 'https://m.media-amazon.com/images/M/MV5BZDA0OGQxNTItMDZkMC00N2UyLTg3MzMtYTJmNjg3Nzk5MzRiXkEyXkFqcGdeQXVyMjUzOTY1NTc@._V1_FMjpg_UX1000_.jpg'),
	(5, 'Spider-Man', 2002, 121, 'After being bitten by a genetically-modified spider, a shy teenager gains spider-like abilities that he uses to fight injustice as a masked superhero and face a vengeful enemy.', 0, 'https://m.media-amazon.com/images/M/MV5BZDEyN2NhMjgtMjdhNi00MmNlLWE5YTgtZGE4MzNjMTRlMGEwXkEyXkFqcGdeQXVyNDUyOTg3Njg@._V1_FMjpg_UX1000_.jpg'),
	(6, 'Batman Begins', 2005, 140, 'After training with his mentor, Batman begins his fight to free crime-ridden Gotham City from corruption.', 0, 'https://m.media-amazon.com/images/M/MV5BOTY4YjI2N2MtYmFlMC00ZjcyLTg3YjEtMDQyM2ZjYzQ5YWFkXkEyXkFqcGdeQXVyMTQxNzMzNDI@._V1_FMjpg_UX1000_.jpg'),
	(7, 'Man of Steel', 2013, 143, 'An alien child is evacuated from his dying world and sent to Earth to live among humans. His peace is threatened when other survivors of his home planet invade Earth.', 0, 'https://m.media-amazon.com/images/M/MV5BMTk5ODk1NDkxMF5BMl5BanBnXkFtZTcwNTA5OTY0OQ@@._V1_FMjpg_UX1000_.jpg'),
	(8, 'Spider-Man 2', 2004, 127, 'Peter Parker is beset with troubles in his failing personal life as he battles a brilliant scientist named Doctor Otto Octavius.',0,'https://m.media-amazon.com/images/M/MV5BMzY2ODk4NmUtOTVmNi00ZTdkLTlmOWYtMmE2OWVhNTU2OTVkXkEyXkFqcGdeQXVyMTQxNzMzNDI@._V1_.jpg'),
  (9, 'The Dark Knight', 2008, 152, 'When the menace known as the Joker wreaks havoc and chaos on the people of Gotham, Batman must accept one of the greatest psychological and physical tests of his ability to fight injustice.', 0, 'https://m.media-amazon.com/images/M/MV5BMTMxNTMwODM0NF5BMl5BanBnXkFtZTcwODAyMTk2Mw@@._V1_.jpg'),
  (10, 'The Dark Knight Rises', 2012, 164, 'Eight years after the Jokers reign of chaos, Batman is coerced out of exile with the assistance of the mysterious Selina Kyle in order to defend Gotham City from the vicious guerrilla terrorist Bane.', 0, 'https://m.media-amazon.com/images/M/MV5BMTk4ODQzNDY3Ml5BMl5BanBnXkFtZTcwODA0NTM4Nw@@._V1_FMjpg_UX1000_.jpg'),
  (11, 'Kung Fu Panda', 2008, 92, 'To everyones surprise, including his own, Po, an overweight, clumsy panda, is chosen as protector of the Valley of Peace. His suitability will soon be tested as the valleys arch-enemy is on his way.', 0, 'https://m.media-amazon.com/images/M/MV5BODJkZTZhMWItMDI3Yy00ZWZlLTk4NjQtOTI1ZjU5NjBjZTVjXkEyXkFqcGdeQXVyODE5NzE3OTE@._V1_FMjpg_UX1000_.jpg'),
  (12, 'Kung Fu Panda 2', 2011, 90, 'Po and his friends fight to stop a peacock villain from conquering China with a deadly new weapon, but first the Dragon Warrior must come to terms with his past.', 0, 'https://m.media-amazon.com/images/M/MV5BYzQ0ZWIxZjAtYWI3Yy00MGM0LWFjOGYtNzcyYThiOTA3ODI1XkEyXkFqcGdeQXVyODE5NzE3OTE@._V1_FMjpg_UX1000_.jpg'),
  (100117 , 'Goodfellas', 1990 , 145, 'The story of Henry Hill and his life in the mob, covering his relationship with his wife Karen Hill and his mob partners Jimmy Conway and Tommy DeVito in the Italian-American crime syndicate.', 0, 'https://m.media-amazon.com/images/M/MV5BY2NkZjEzMDgtN2RjYy00YzM1LWI4ZmQtMjIwYjFjNmI3ZGEwXkEyXkFqcGdeQXVyNzkwMjQ5NzM@._V1_.jpg'),
	(100405 , 'Hearts of Darkness: A Filmmakers Apocalypse', 1991 , 96, 'Documentary that chronicles how Francis Ford Coppolas Apocalypse Now (1979) was plagued by extraordinary script, shooting, budget, and casting problems--nearly destroying the life and career of the celebrated director.',0, 'https://m.media-amazon.com/images/M/MV5BMTk4Njk3MzI0NV5BMl5BanBnXkFtZTcwMzczMTU1MQ@@._V1_.jpg'),
	(100754 , 'Manufacturing Consent: Noam Chomsky and the Media ', 1992 ,167, 'A film about the noted American linguist/political dissident and his warning about corporate medias role in modern propaganda.',0, 'https://m.media-amazon.com/images/M/MV5BNTkxNjc3NTYzMV5BMl5BanBnXkFtZTYwODQyMjI5._V1_.jpg'),
	(100811 , 'Reservoir Dogs', 1992 ,99,'When a simple jewelry heist goes horribly wrong, the surviving criminals begin to suspect that one of them is a police informant.',0, 'https://m.media-amazon.com/images/M/MV5BZmExNmEwYWItYmQzOS00YjA5LTk2MjktZjEyZDE1Y2QxNjA1XkEyXkFqcGdeQXVyMTQxNzMzNDI@._V1_.jpg'),
	(100877 , 'Unforgiven', 1992 ,130, 'Retired Old West gunslinger William Munny reluctantly takes on one last job, with the help of his old partner Ned Logan and a young man, The "Schofield Kid."', 0,'https://m.media-amazon.com/images/M/MV5BODM3YWY4NmQtN2Y3Ni00OTg0LWFhZGQtZWE3ZWY4MTJlOWU4XkEyXkFqcGdeQXVyNjU0OTQ0OTY@._V1_.jpg'),
	(101006 , 'Groundhog Day', 1993 ,101, 'A narcissistic, self-centered weatherman finds himself in a time loop on Groundhog Day, and the day keeps repeating until he gets it right.',0, 'https://m.media-amazon.com/images/M/MV5BZWIxNzM5YzQtY2FmMS00Yjc3LWI1ZjUtNGVjMjMzZTIxZTIxXkEyXkFqcGdeQXVyNjU0OTQ0OTY@._V1_.jpg'),
	(101352 , 'Hoop Dreams', 1994 ,170,'A film following the lives of two inner-city Chicago boys who struggle to become college basketball players on the road to going professional.',0,'https://m.media-amazon.com/images/M/MV5BNmNjMTU2MzQtMzNkNy00YjQ1LTg0M2ItMzM2MDYwYmUyMjMyXkEyXkFqcGdeQXVyMjUzOTY1NTc@._V1_FMjpg_UX1000_.jpg' ),
	(101584 , 'Anne Frank Remembered', 1995 ,117, 'Using previously unreleased archival material in addition to contemporary interviews, this academy award-winning documentary tells the story of the Frank family and presents the first fully-rounded portrait of their brash and free-spirited daughter Anne, perhaps the worlds most famous victim of the Holocaust.',0, 'https://m.media-amazon.com/images/M/MV5BNGZjNzg2MzMtNzJiZi00YTMxLWEwNGMtZGI0ODBiN2RmMGRiXkEyXkFqcGdeQXVyMzExODEzNDA@._V1_FMjpg_UX1000_.jpg'),
	(102041 , 'Fargo', 1996 ,98, 'Minnesota car salesman Jerry Lundegaards inept crime falls apart due to his and his henchmens bungling and the persistent police work of the quite pregnant Marge Gunderson.',0, 'https://m.media-amazon.com/images/M/MV5BNDJiZDgyZjctYmRjMS00ZjdkLTkwMTEtNGU1NDg3NDQ0Yzk1XkEyXkFqcGdeQXVyNzkwMjQ5NzM@._V1_.jpg'),
	(102110 , 'Indian', 1996 ,185, 'A veteran freedom fighter enraged with the rising crime and corruption in the society murders all the wrong doers one by one using an ancient martial arts technique.', 0,'https://m.media-amazon.com/images/M/MV5BZTljMzVhNzgtMGMzNi00MmUwLTgzYmQtOWIzY2VjMGRkMjM4XkEyXkFqcGdeQXVyMTEzNzg0Mjkx._V1_FMjpg_UX1000_.jpg'),
	(103074 , 'Lewis & Clark: The Journey of the Corps of Discovery' , 1997 ,240, 'The story of the most important American exploration expedition in American history and the participants in it.', 0,'https://m.media-amazon.com/images/M/MV5BNTQxODYzMzg3NF5BMl5BanBnXkFtZTYwMjA5MDA5._V1_.jpg'),
	(103110 , 'PNYC: Portishead - Roseland New York', 1997 ,93, 'Portishead concert in the Roseland Ballroom, New York City, on the 24th July 1997 with tracks from the albums "Dummy" and "Portishead" played by the band and a 30 piece orchestra.',0, 'https://m.media-amazon.com/images/M/MV5BMTIyOTkyOTc3M15BMl5BanBnXkFtZTcwMDQzNDcyMQ@@._V1_FMjpg_UX1000_.jpg'),
	(103217 , 'Sathi Leelavathi', 1995 ,151, 'Arun (Ramesh Arvind), bored of his wifes (Leelavathi) looks and weighty appearance, meets Priya and develops an affair with her. But his wife has other plans', 0,'https://m.media-amazon.com/images/M/MV5BMmRhM2MxOTgtOTkzYi00MjZlLWE0NGEtMjlmNjNiZGZkNWZjXkEyXkFqcGdeQXVyOTIzODUxMjk@._V1_FMjpg_UX1000_.jpg'),
	(103566 , 'The Sixth Sense', 1999 ,107, 'A frightened, withdrawn Philadelphia boy who communicates with spirits seeks the help of a disheartened child psychologist.', 0,'https://m.media-amazon.com/images/M/MV5BMWM4NTFhYjctNzUyNi00NGMwLTk3NTYtMDIyNTZmMzRlYmQyXkEyXkFqcGdeQXVyMTAwMzUyOTc@._V1_FMjpg_UX1000_.jpg'),
	(103630 , 'Gladiator', 2000 ,155,  'A former Roman General sets out to exact vengeance against the corrupt emperor who murdered his family and sent him into slavery.', 0,'https://upload.wikimedia.org/wikipedia/en/f/fb/Gladiator_%282000_film_poster%29.png'),
	(103702 , 'Hitman Hart: Wrestling with Shadows', 1998 ,93, 'Documentary focusing on the career of pro wrestler Bret Hart & his controversial exit from the WWF.', 0,'https://m.media-amazon.com/images/M/MV5BMTMxOTMxODI0MF5BMl5BanBnXkFtZTcwMDQwMTQyMQ@@._V1_.jpg'),
	(103898 , 'Lookwell', 1991 ,30, 'The former star of a cancelled cop TV show solves crimes. Pilot episode for a TV series that was never picked up.', 0,'https://m.media-amazon.com/images/M/MV5BZTFiYmRkYTItNjgxMS00YjYwLTk3OWYtYzQ2MGY2MjNmMTE5XkEyXkFqcGdeQXVyMTY4MjQ0NzU@._V1_.jpg'),
	(103910 , 'Monsters, Inc.', 2001 ,92, 'In order to power the city, monsters have to scare children so that they scream. However, the children are toxic to the monsters, and after a child gets through, two monsters realize things may not be what they think.', 0,'https://m.media-amazon.com/images/M/MV5BMTY1NTI0ODUyOF5BMl5BanBnXkFtZTgwNTEyNjQ0MDE@._V1_FMjpg_UX1000_.jpg'),
	(104030 , 'Memento', 2000 ,113, 'A man with short-term memory loss attempts to track down his wifes murderer.', 0,'https://m.media-amazon.com/images/M/MV5BZTcyNjk1MjgtOWI3Mi00YzQwLWI5MTktMzY4ZmI2NDAyNzYzXkEyXkFqcGdeQXVyNjU0OTQ0OTY@._V1_FMjpg_UX1000_.jpg'),
	(104182 , 'Larry David: Curb Your Enthusiasm', 1999 ,59, 'Mock documentary about Seinfeld writer Larry David featuring contributions from his friends and colleagues. Larry makes a return to stand-up comedy and prepares to film a television special for HBO.', 0,'https://m.media-amazon.com/images/M/MV5BODIwMzIxZWEtNzY4MS00MWI2LWI3NDYtY2FkODQ0OTU3NjZiXkEyXkFqcGdeQXVyNTM3MDMyMDQ@._V1_.jpg'),
	(104353 , 'Bharatham', 1991 ,147, 'The tale of two classical musician brothers: while the elder squanders his life and talent away, the younger one fulfills their joint responsibilities towards their family.', 0,'https://m.media-amazon.com/images/M/MV5BNjhkNzRkOGEtMTE4Ni00MzNhLTkxMmUtYjA0ODc0N2VkNDMzXkEyXkFqcGdeQXVyMjkxNzQ1NDI@._V1_.jpg'),
	(106058 , 'My Flesh and Blood', 2003 ,83, 'Documentary following Susan Tom of Fairfield, California and her 11 adopted special needs children.', 0,'https://m.media-amazon.com/images/M/MV5BMTU1NDUxMjk2N15BMl5BanBnXkFtZTcwMDM4MTQyMQ@@._V1_.jpg'),		
	(106311 , 'Virumandi', 2004 ,175, 'A temperamental farmer gets embroiled in a bloody clan feud in a southern Tamil Nadu village.', 0,'https://m.media-amazon.com/images/M/MV5BOGFhMTI4YzctMjA4OS00NGM0LThlOWItNGVjMGRlMjkwYTJkXkEyXkFqcGdeQXVyODEzOTQwNTY@._V1_.jpg')
;

insert into movies_genre (movie_id, genre)
values
(1, 'Action'),
(1, 'Sci-Fi'),
(2, 'Action'),
(2, 'Adventure'),
(2, 'Comedy'),
(3, 'Animation'),
(3, 'Action'),
(3, 'Adventure'),
(4, 'Action'),
(4, 'Thriller'),
(4, 'Fantasy'),
(5,'Action'),
(5,'Adventure'),
(5,'Sci-Fi'),
(6, 'Action'),
(6,'Crime'),
(6,'Drama'),
(7,'Action'),
(7,'Adventure'),
(7,'Sci-Fi'),
(8,'Action'),
(8,'Adventure'),
(8,'Sci-Fi'),
(9, 'Action'),
(9,'Crime'),
(9,'Drama'),
(10, 'Action'),
(10,'Drama'),
(10,'Thriller'),
(11, 'Animation'),
(11, 'Action'),
(11, 'Adventure'),
(12, 'Animation'),
(12, 'Action'),
(12, 'Adventure'),
(100117,'Biography'),
(100117,'Crime'),
(100117,'Drama'),
(106311,	'Action'),
(106311,	'Drama'),
(106311,	'Thriller'),
(106058,	'Documentary'),
(104353,	'Drama'),
(104353,	'Musical'),
(104182,	'Comedy'),
(104030,	'Mystery'),
(104030,	'Thriller'),
(103910,	'Adventure'),
(103910,	'Animation'),
(103910,	'Comedy'),
(103702,	'Biography'),
(103898,	'Comedy'),
(103898,	'Crime'),
(103898,	'Mystery'),
(103702,	'Documentary'),
(103702,	'Sport'),
(103630,	'Action'),
(103630,	'Adventure'),
(103630,	'Drama'),
(103566,	'Drama'),
(103566,	'Mystery'),
(103566,	'Thriller'),
(103110,	'Documentary'),
(103217,	'Comedy'),
(103217,	'Drama'),
(103110,	'Music'),
(103074,	'Adventure'),
(103074,	'Biography'),
(103074,	'Documentary'),
(102110,	'Action'),
(102110,	'Drama'),
(102110,	'Thriller'),
(100405,	'Documentary'),
(100754,	'Biography'),
(100754,	'Documentary'),
(100754,	'War'),
(100811,	'Crime'),
(100811,	'Thriller'),
(100877,	'Drama'),
(100877,	'Western'),
(101006,	'Comedy'),
(101006,	'Drama'),
(101006,	'Fantasy'),
(101352,	'Documentary'),
(101352,	'Drama'),
(101352,	'Sport'),
(101584,	'Biography'),
(101584,	'Documentary'),
(101584,	'War'),
(102041,	'Crime'),
(102041,	'Thriller')
;

insert into cast_people (id, name, born, died, image)

values	
  (1, 'Joss Whedon', 1980, 2020,''),
	(2, 'Zak Penn', 1981, 2021,''),
	(3, 'Robert Downey Jr', 1982, 2022,''),
	(4, 'Chris Evans', 1983, 2023,''),
	(5, 'Scarlett Johansson', 1990, 2020,''),
	(6, 'Chris Hemsworth', 1995, 2020,''),
  (7, 'Taika Waititi', 1995, 2020,''),
  (8, 'Stan Lee', 1995, 2020,''),
  (9, 'Natalie Portman', 1995, 2020,''),
  (10, 'Christian Bale', 1995, 2020,''),
  (11, 'Jennifer Yuh Nelson', 1995, 2020,''),
  (12, 'Jonathan Aibel', 1995, 2020,''),
  (13, 'Jack Black', 1995, 2020,''),
  (14, 'Bryan Cranston', 1995, 2020,''),
  (15, 'James Cameron', 1995, 2020,''),
  (16, 'Sam Worthington', 1995, 2020,''),
  (17, 'Zoe Saldana', 1995, 2020,''),
  (18, 'Sam Raimi', 1995, 2020,''),
  (19, 'Toby Maguire', 1995, 2020,''),
  (20, 'Kirsten Dunst', 1995, 2020,''),
  (21, 'Willem Dafoe', 1995, 2020,''),
  (22, 'Christopher Nolan', 1995, 2020,''),
  (23, 'Michael Caine', 1995, 2020,''),
  (24, 'Zack Snyder', 1995, 2020,''),
  (25, 'Henry Cavill', 1995, 2020,''),
  (26, 'Amy Adams', 1995, 2020,''),
  (27, 'Mark Osborne', 1995, 2020,''),
  (28, 'Angelina Jolie', 1995, 2020,''),
  (1006121 , 'Kamal Haasan', 1954 , 0001,''),
 	(1029915 , 'Abhirami', 0001      ,0001,''),
	(1029916 , 'Pasupathy'      , 1969 ,0001,''),
	(1025437 , 'Napolean'     , 1963 ,0001,''),
	(1000215 , 'H. Banerjee'  ,     0001 ,0001,''),
	(1016525 , 'Chandra Haasan' ,     0001 ,0001,''),
	(1000311 , 'Ilaiyaraaja' , 1943 ,0001,''),
	(1029917 , 'Keshav Prakash' ,0001      ,0001,''),
	(1029918 , 'Ramsudharsan',0001      ,0001,''),
	(1028894 , 'Eli Olson'     ,     0001 ,0001,''),
	(1028895 , 'Susan Tom'        ,      0001,0001,''),
	(1028896 , 'Anthony Tom'       ,     0001 ,0001,''),
	(1028897 , 'Faith Tom'      ,      0001,0001,''),
	(1028898 , 'Joe Tom'        ,      0001,0001,''),
	(1028899 , 'Jonathan Karsh', 1971 ,0001,''),
	(1020314 , 'Jennifer Chaiken'  ,      0001,0001,''),
	(1026261 , 'B. Quincy Griffin' ,      0001,0001,''),
	(1026262 , 'Hector H. Perez',      0001,0001,''),
	(1028900 , 'Amanda Micheli'  ,      0001,0001,''),
	(1013829 , 'Mohanlal'   , 1960 ,0001,''),
	(1016491 , 'Urvashi'         ,      0001,0001,''),
	(1021421 , 'Nedumudi Venu', 1948 , 2021,''),
	(1021422 , 'Kaviyoor Ponnamma' ,      0001,0001,''),
	(1021423 , 'Sibi Malayil', 1956 ,0001,''),
	(1006835 , 'A.K. Lohithadas'   , 1955 , 2009,''),
	(1017150 , 'Raveendran'  , 1943 , 2005,''),
	(1020481 , 'Anandakuttan'      , 1955 , 2016,''),
	(1021424 , 'Bhoominathan'     ,      0001,0001,''),
	(1017712 , 'Wendall J. Yuponce' ,      0001,0001,''),
	(1001960 , 'Jason Alexander', 1959 ,0001,''),
	(1020714 , 'Larry Charles'   , 1956 ,0001,''),
	(1020715 , 'Carol Leifer'     , 1956 ,0001,''),
	(1007394 , 'Richard Lewis'      , 1947 ,0001,''),
	(1012271 , 'Robert B. Weide'    , 1959 ,0001,''),
	(1015248 , 'Larry David'   , 1947 ,0001,''),
	(1020716 , 'Tom Bull'       ,      0001,0001,''),
	(1020717 , 'Sandy Chanley'      ,      0001,0001,''),
	(1020718 , 'Mark Farrell'     ,      0001,0001,''),
	(1005994 , 'Wally Pfister'     , 1961 ,0001,''),
	(1007896 , 'Guy Pearce'    , 1967 ,0001,''),
	(1012559 , 'Carrie-Anne Moss'  , 1967 ,0001,''),
	(1000865 , 'Joe Pantoliano' , 1951 ,0001,''),
	(1012786 , 'Mark Boone Junior' , 1955 ,0001,''),
	(1017126 , 'Christopher Nolan', 1970 ,0001,''),
	(1020047 , 'Jonathan Nolan', 1976 ,0001,''),
	(1013076 , 'Jennifer Todd'   , 1969 ,0001,''),
	(1005475 , 'Suzanne Todd'    , 1965 ,0001,''),
	(1017128 , 'David Julyan'     ,      0001,0001,''),
	(1019518 , 'Ralph Eggleston' , 1965 , 2022,''),
	(1002808 , 'Billy Crystal', 1948 ,0001,''),
	(1000324 , 'John Goodman'  , 1952 ,0001,''),
	(1019519 , 'Mary Gibbs'   , 1996 ,0001,''),
	(1005234 , 'Steve Buscemi'   , 1957 ,0001,''),
	(1011019 , 'Pete Docter'  , 1968 ,0001,''),
	(1019520 , 'David Silverman' , 1957 ,0001,''),
	(1014691 , 'Lee Unkrich', 1967 ,0001,''),
	(1019521 , 'Jill Culton'    ,      0001,0001,''),
	(1019522 , 'Jeff Pidgeon'   , 1965 ,0001,''),
	(1019464 , 'Jimmy B. Frazier'  ,      0001,0001,''),
	(1019465 , 'Adam West' , 1928 , 2017,''),
	(1019466 , 'Ron Frazier'       , 1939 , 2003,''),
	(1019467 , 'Ann Weldon'      ,      0001,0001,''),
	(1007408 , 'Todd Field'       , 1964 ,0001,''),
	(1019468 , 'E.W. Swackhamer'   , 1927 , 1994,''),
	(1019469 , 'Robert Smigel'  , 1960 ,0001,''),
	(1019470 , 'Conan OBrien'    , 1963 ,0001,''),
	(1002158 , 'Jack Elliott'    , 1927 , 2001,''),
	(1019471 , 'Kenneth Peach Jr.' , 1930 , 2006,''),
	(1018584 , 'Russell Walker',      0001,0001,''),
	(1018585 , 'Bret Hart'   , 1957 ,0001,''),
	(1018586 , 'Owen Hart'        , 1965 , 1999,''),
	(1018587 , 'Brian Pillman'     , 1962 , 1997,''),
	(1018588 , 'Blade Hart'    , 1990 ,0001,''),
	(1018589 , 'Paul Jay'       ,      0001,0001,''),
	(1018590 , 'Sally Blake'       ,      0001,0001,''),
	(1018591 , 'David M. Ostriker' ,      0001,0001,''),
	(1018592 , 'Tim Clement',      0001,0001,''),
	(1018593 , 'Colin Cripps'      , 1961 ,0001,''),
	(1009505 , 'Douglas Wick'     ,      0001,0001,''),
	(1000657 , 'Russell Crowe'     , 1964 ,0001,''),
	(1010992 , 'Joaquin Phoenix', 1974 ,0001,''),
	(1007764 , 'Connie Nielsen'  , 1965 ,0001,''),
	(1001077 , 'Oliver Reed'   , 1938 , 1999,''),
	(1004398 , 'Ridley Scott'      , 1937 ,0001,''),
	(1004895 , 'David Franzoni'    , 1947 ,0001,''),
	(1015204 , 'John Logan'   , 1961 ,0001,''),
	(1005907 , 'William Nicholson' , 1948 ,0001,''),
	(1004511 , 'Branko Lustig', 1932 , 2019,''),
	(1001594 , 'Tak Fujimoto'      , 1939 ,0001,''),
	(1000474 , 'Bruce Willis'       , 1955 ,0001,''),
	(1011322 , 'Haley Joel Osment'   , 1988 ,0001,''),
	(1008877 , 'Toni Collette'  , 1972 ,0001,''),
	(1014338 , 'Olivia Williams'     , 1968 ,0001,''),
	(1014847 , 'M. Night Shyamalan'  , 1970 ,0001,''),
	(1000329 , 'Kathleen Kennedy' , 1953 ,0001,''),
	(1000017 , 'Frank Marshall'   , 1946 ,0001,''),
	(1015837 , 'Barry Mendel'     , 1963 ,0001,''),
	(1000645 , 'James Newton Howard' , 1951 ,0001,''),
	(1016520 , 'Pon Moorthy',      0001,0001,''),
	(1016521 , 'Ramesh Aravind' ,    0001  ,0001,''),
	(1016522 , 'Kovai Sarala',      0001,0001,''),
	(1016523 , 'Kalpana'  , 1965 , 2016,''),
	(1016524 , 'Balu Mahendra'  , 1939 , 2014,''),
	(1016502 , 'Anannthu' ,      0001,0001,''),
	(1016431 , 'Crazy Mohan'    , 1952 , 2019,''),
	(1015896 , 'Erik Ewers'      ,      0001,0001,''),
	(1006789 , 'Hal Holbrook'     , 1925 , 2021,''),
	(1015041 , 'Adam Arkin'    , 1956 ,0001,''),
	(1015897 , 'John Logan Allen' ,      0001,0001,''),
	(1015898 , 'Stephen Ambrose', 1936 , 2002,''),
	(1015899 , 'Ken Burns' , 1953 ,0001,''),
	(1015900 , 'Dayton Duncan'    ,    0001  ,0001,''),
	(1015901 , 'Allen Moore'   ,      0001,0001,''),
	(1015902 , 'Buddy Squires'    ,      0001,0001,''),
	(1015903 , 'Paul Barnes'   ,      0001,0001,''),
	(1000110 , 'A.R. Rahman'     , 1967 ,0001,''),
	(1011966 , 'Sukanya'    ,      0001,0001,''),
	(1004163 , 'Manisha Koirala'  , 1970 ,0001,''),
	(1010779 , 'Urmila Matondkar' , 1974 ,0001,''),
	(1000106 , 'S. Shankar', 1963 ,0001,''),
	(1002937 , 'Umesh Sharma'     ,    0001  ,0001,''),
	(1011967 , 'Sujatha'    , 1935 , 2008,''),
	(1011968 , 'A.M. Rathnam'     ,      0001,0001,''),
	(1009753 , 'Jhamu Sughand'    ,      0001, 2008,''),
	(1003371 , 'William H. Macy'   , 1950 ,0001,''),
	(1000716 , 'Frances McDormand' , 1957 ,0001,''),
	(1011651 , 'Peter Stormare'    , 1953 ,0001,''),
	(1001614 , 'Joel Coen'   , 1954 ,0001,''),
	(1001615 , 'Ethan Coen'        , 1957 ,0001,''),
	(1001617 , 'Carter Burwell'    , 1954 ,0001,''),
	(1001468 , 'Roger Deakins'   , 1949 ,0001,''),
	(1011652 , 'Rick Heinrichs'    ,      0001,0001,''),
	(1002965 , 'Kenneth Branagh'  , 1960 ,0001,''),
	(1001137 , 'Glenn Close' , 1947 ,0001,''),
	(1009611 , 'Isa Baschwitz'    ,      0001,0001,''),
	(1009612 , 'Mary Bos'   ,      0001,0001,''),
	(1003761 , 'Jon Blair'        , 1950 ,0001,''),
	(1009613 , 'Anne Frank'       , 1929 , 1945,''),
	(1001037 , 'Carl Davis'      , 1936 ,0001,''),
	(1002024 , 'Barry Ackroyd'    , 1954 ,0001,''),
	(1009614 , 'Karin Steininger' ,      0001,0001,''),
	(1008537 , 'William Gates'  , 1971 ,0001,''),
	(1008538 , 'Arthur Agee'    , 1972 ,0001,''),
	(1008539 , 'Emma Gates'     ,      0001,0001,''),
	(1008540 , 'Curtis Gates'   ,      0001, 2001,''),
	(1008541 , 'Steve James'  ,      0001,0001,''),
	(1008542 , 'Frederick Marx' ,      0001,0001,''),
	(1000273 , 'Peter Gilbert', 1957 ,0001,''),
	(1008543 , 'Ben Sidran' , 1943 ,0001,''),
	(1008544 , 'William Haugse' ,      0001,0001,''),
	(1006865 , 'Pembroke J. Herring' , 1930 , 2020,''),
	(1001977 , 'Bill Murray', 1950 ,0001,''),
	(1001102 , 'Andie MacDowell'     , 1958 ,0001,''),
	(1006577 , 'Chris Elliott'    , 1960 ,0001,''),
	(1006866 , 'Stephen Tobolowsky'  , 1951 ,0001,''),
	(1004109 , 'Harold Ramis' , 1944 , 2014,''),
	(1006867 , 'Danny Rubin'       , 1957 ,0001,''),
	(1006868 , 'Trevor Albert'       ,      0001,0001,''),
	(1001476 , 'George Fenton'      , 1949 ,0001,''),
	(1001738 , 'John Bailey'      , 1942 ,0001,''),
	(1001093 , 'Thelma Schoonmaker' , 1940 ,0001,''),
	(1000349 , 'Robert De Niro', 1943 ,0001,''),
	(1001094 , 'Ray Liotta'    , 1954 , 2022,''),
	(1001095 , 'Joe Pesci'        , 1943 ,0001,''),
	(1001096 , 'Lorraine Bracco'    , 1954 ,0001,''),
	(1001097 , 'Martin Scorsese'   , 1942 ,0001,''),
	(1001098 , 'Nicholas Pileggi'   , 1933 ,0001,''),
	(1001099 , 'Irwin Winkler'  , 1931 ,0001,''),
	(1001100 , 'Michael Ballhaus'   , 1935 , 2017,''),
	(1001101 , 'James Y. Kwei'  ,      0001,0001,''),
	(1003150 , 'Todd Boekelheide'    ,      0001,0001,''),
	(1000042 , 'Dennis Hopper'   , 1936 , 2010,''),
	(1002751 , 'Martin Sheen'      , 1940 ,0001,''),
	(1001039 , 'Marlon Brando'       , 1924 , 2004,''),
	(1003336 , 'George Lucas'      , 1944 ,0001,''),
	(1003337 , 'Fax Bahr'       ,      0001,0001,''),
	(1003338 , 'George Hickenlooper' , 1963 , 2010,''),
	(1003339 , 'Eleanor Coppola', 1936 ,0001,''),
	(1003340 , 'Les Mayfield'    ,      0001,0001,''),
	(1003341 , 'George Zaloom'       ,      0001,0001,''),
	(1005549 , 'Kip Durrin'         ,      0001,0001,''),
	(1005550 , 'Noam Chomsky'           , 1928 ,0001,''),
	(1005551 , 'Mark Achbar'          ,      0001,0001,''),
	(1005552 , 'Karin Aguilar-San Juan' ,      0001,0001,''),
	(1005553 , 'Paul Andrews',      0001,0001,''),
	(1005554 , 'Peter Wintonick'        , 1953 , 2013,''),
	(1005555 , 'Adam Symansky'       ,      0001,0001,''),
	(1005556 , 'Carl Schultz'         ,      0001,0001,''),
	(1005557 , 'Eddie Becker'          ,      0001,0001,''),
	(1005558 , 'Norbert Bunge'          ,      0001,0001,''),
	(1005840 , 'David Wasco'    ,      0001,0001,''),
	(1002336 , 'Harvey Keitel'     , 1939 ,0001,''),
	(1002071 , 'Tim Roth'    , 1961 ,0001,''),
	(1004397 , 'Michael Madsen'    , 1957 ,0001,''),
	(1005841 , 'Chris Penn'   , 1965 , 2006,''),
	(1005842 , 'Quentin Tarantino' , 1963 ,0001,''),
	(1005843 , 'Roger Avary', 1965 ,0001,''),
	(1005844 , 'Lawrence Bender'   , 1957 ,0001,''),
	(1005845 , 'Andrzej Sekula'  , 1954 ,0001,''),
	(1005846 , 'Sally Menke'   , 1953 , 2010,''),
	(1002062 , 'Clint Eastwood'    , 1930 ,0001,''),
	(1001748 , 'Gene Hackman'    , 1930 ,0001,''),
	(1004085 , 'Morgan Freeman'     , 1937 ,0001,''),
	(1000972 , 'Richard Harris'    , 1930 , 2002,''),
	(1005203 , 'David Webb Peoples' , 1940 ,0001,''),
	(1002061 , 'Lennie Niehaus', 1929 , 2020,''),
	(1002419 , 'Jack N. Green'    , 1946 ,0001,''),
	(1002413 , 'Joel Cox', 1942 ,0001,''),
	(1000252 , 'Henry Bumstead'     , 1915 , 2006, ''),
	(1016032,	'John Baggott'	,	0001,	0001, ''),
	(1016033,	'Portishead'	,	0001, 	0001, ''),
	(1016034,	'Geoff Barrow'	,	1971,	0001, ''),
	(1016035,	'Beth Gibbons'	,	1965,	0001, ''),
	(1016036,	'Adrian Utley'	,	1957,	0001, ''),
	(1016037,	'Dick Carruthers',	0001,	0001, ''),
	(1016038,	'Lizzie Ross'	,	0001,	0001, ''),
	(1016039,	'Eugene OConnor',	0001,	0001, ''),
	(1016040,	'John Mayes'	,	0001,	0001, ''),
	(1016041,	'Dave MacDonald',	1964,	0001, '')

;

insert into cast_cast (id, job, movie_id, person_id)

values 
	(1, 'director', 1, 1),
  (2, 'writer', 1, 1),
  (3, 'writer', 1, 2),
	(4, 'cast', 1, 3),
	(5, 'cast', 1, 4),
	(6, 'cast', 1, 5),
  (7, 'cast', 1, 6),
  (8, 'director', 2, 7),
  (9, 'writer', 2, 7),
  (10, 'writer', 2, 8),
  (11, 'cast', 2, 6),
  (12, 'cast', 2, 9),
  (13, 'cast', 2, 10),
  (14, 'director', 3, 11),
  (15, 'writer', 3, 12),
  (16, 'cast', 3, 13),
  (17, 'cast', 3, 14),
  (18, 'director', 4, 15),
  (19, 'writer', 4, 15),
  (20, 'cast', 4, 16),
  (21, 'cast', 4, 17),
  (22, 'director', 5, 18),
  (23, 'writer', 5, 8),
  (24, 'cast', 5, 19),
  (25, 'cast', 5, 20),
  (26, 'cast', 5, 21),
  (27, 'director', 6, 22),
  (28, 'writer', 6, 22),
  (29, 'cast', 6, 10),
  (30, 'cast', 6, 23),
  (31, 'director', 7, 24),
  (32, 'writer', 7, 22),
  (33, 'cast', 7, 25),
  (34, 'cast', 7, 26),
  (35, 'director', 8, 18),
  (36, 'writer', 8, 8),
  (37, 'cast', 8, 19),
  (38, 'cast', 8, 20),
  (39, 'director', 9, 22),
  (40, 'writer', 9, 22),
  (41, 'cast', 9, 10),
  (42, 'cast', 9, 23),
  (43, 'director', 10, 22),
  (44, 'writer', 10, 22),
  (45, 'cast', 10, 10),
  (46, 'cast', 10, 23),
  (47, 'director', 11, 27),
  (48, 'writer', 11, 12),
  (49, 'cast', 11, 13),
  (50, 'cast', 11, 28),
  (51, 'director', 12, 11),
  (52, 'writer', 12, 12),
  (53, 'cast', 12, 13),
  (54, 'cast', 12, 28),
	(162281 , 'actor'           , 106311 , 1006121),
	(162282 , 'actress'         , 106311 , 1029915),
	(162283 , 'actor'           , 106311 , 1029916),
	(162284 , 'actor'           , 106311 , 1025437),
	(162285 , 'writer'          , 106311 , 1000215),
	(162286 , 'producer'        , 106311 , 1016525),
	(162287 , 'composer'        , 106311 , 1000311),
	(162288 , 'cinematographer' , 106311 , 1029917),
	(162289 , 'editor'          , 106311 , 1029918),
	(159802 , 'editor'          , 106058 , 1028894),
	(159803 , 'self'            , 106058 , 1028895),
	(159804 , 'self'            , 106058 , 1028896),
	(159805 , 'self'            , 106058 , 1028897),
	(159806 , 'self'            , 106058 , 1028898),
	(159807 , 'director'        , 106058 , 1028899),
	(159808 , 'producer'        , 106058 , 1020314),
	(159809 , 'composer'        , 106058 , 1026261),
	(159810 , 'composer'        , 106058 , 1026262),
	(159811 , 'cinematographer' , 106058 , 1028900),
	(143024 , 'actor'           , 104353 , 1013829),
	(143025 , 'actor'           , 104353 , 1016491),
	(143026 , 'actor'           , 104353 , 1021421),
	(143027 , 'actress'         , 104353 , 1021422),
	(143028 , 'director'        , 104353 , 1021423),
	(143029 , 'writer'          , 104353 , 1006835),
	(143030 , 'composer'        , 104353 , 1017150),
	(143031 , 'cinematographer' , 104353 , 1020481),
	(143032 , 'editor'          , 104353 , 1021424),
	(141345 , 'composer' , 104182 , 1017712),
	(141346 , 'actor'    , 104182 , 1001960),
	(141347 , 'self'     , 104182 , 1020714),
	(141348 , 'self'     , 104182 , 1020715),
	(141349 , 'actor'    , 104182 , 1007394),
	(141350 , 'director' , 104182 , 1012271),
	(141351 , 'writer'   , 104182 , 1015248),
	(141352 , 'producer' , 104182 , 1020716),
	(141353 , 'producer' , 104182 , 1020717),
	(141354 , 'producer' , 104182 , 1020718),
	(139844 , 'cinematographer' , 104030 , 1005994),
	(139845 , 'actor'           , 104030 , 1007896),
	(139846 , 'actress'         , 104030 , 1012559),
	(139847 , 'actor'           , 104030 , 1000865),
	(139848 , 'actor'           , 104030 , 1012786),
	(139849 , 'director'        , 104030 , 1017126),
	(139850 , 'writer'          , 104030 , 1020047),
	(139851 , 'producer'        , 104030 , 1013076),
	(139852 , 'producer'        , 104030 , 1005475),
	(139853 , 'composer'        , 104030 , 1017128),
	(138655 , 'writer'   , 103910 , 1019518),
	(138656 , 'actor'    , 103910 , 1002808),
	(138657 , 'actor'    , 103910 , 1000324),
	(138658 , 'actress'  , 103910 , 1019519),
	(138659 , 'actor'    , 103910 , 1005234),
	(138660 , 'director' , 103910 , 1011019),
	(138661 , 'director' , 103910 , 1019520),
	(138662 , 'director' , 103910 , 1014691),
	(138663 , 'writer'   , 103910 , 1019521),
	(138664 , 'writer'   , 103910 , 1019522),
	(138535 , 'editor'          , 103898 , 1019464),
	(138536 , 'actor'           , 103898 , 1019465),
	(138537 , 'actor'           , 103898 , 1019466),
	(138538 , 'actress'         , 103898 , 1019467),
	(138539 , 'actor'           , 103898 , 1007408),
	(138540 , 'director'        , 103898 , 1019468),
	(138541 , 'writer'          , 103898 , 1019469),
	(138542 , 'writer'          , 103898 , 1019470),
	(138543 , 'composer'        , 103898 , 1002158),
	(138544 , 'cinematographer' , 103898 , 1019471),
	(136605 , 'composer' , 103702 , 1018584),
	(136606 , 'self'     , 103702 , 1018585),
	(136607 , 'self'     , 103702 , 1018586),
	(136608 , 'self'     , 103702 , 1018587),
	(136609 , 'self'     , 103702 , 1018588),
	(136610 , 'director' , 103702 , 1018589),
	(136611 , 'producer' , 103702 , 1018590),
	(136612 , 'producer' , 103702 , 1018591),
	(136613 , 'composer' , 103702 , 1018592),
	(136614 , 'composer' , 103702 , 1018593),
	(135892 , 'producer' , 103630 , 1009505),
	(135893 , 'actor'    , 103630 , 1000657),
	(135894 , 'actor'    , 103630 , 1010992),
	(135895 , 'actress'  , 103630 , 1007764),
	(135896 , 'actor'    , 103630 , 1001077),
	(135897 , 'director' , 103630 , 1004398),
	(135898 , 'writer'   , 103630 , 1004895),
	(135899 , 'writer'   , 103630 , 1015204),
	(135900 , 'writer'   , 103630 , 1005907),
	(135901 , 'producer' , 103630 , 1004511),
	(135266 , 'cinematographer' , 103566 , 1001594),
	(135267 , 'actor'           , 103566 , 1000474),
	(135268 , 'actor'           , 103566 , 1011322),
	(135269 , 'actress'         , 103566 , 1008877),
	(135270 , 'actress'         , 103566 , 1014338),
	(135271 , 'director'        , 103566 , 1014847),
	(135272 , 'producer'        , 103566 , 1000329),
	(135273 , 'producer'        , 103566 , 1000017),
	(135274 , 'producer'        , 103566 , 1015837),
	(135275 , 'composer'        , 103566 , 1000645),
	(131818 , 'editor'   , 103217 , 1016520),
	(131819 , 'actor'    , 103217 , 1006121),
	(131820 , 'actor'    , 103217 , 1016521),
	(131821 , 'actress'  , 103217 , 1016522),
	(131822 , 'actress'  , 103217 , 1016523),
	(131823 , 'director' , 103217 , 1016524),
	(131824 , 'writer'   , 103217 , 1016502),
	(131825 , 'writer'   , 103217 , 1016431),
	(131826 , 'producer' , 103217 , 1016525),
	(131827 , 'composer' , 103217 , 1000311),
	(130397 , 'editor'          , 103074 , 1015896),
	(130398 , 'actor'           , 103074 , 1006789),
	(130399 , 'actor'           , 103074 , 1015041),
	(130400 , 'self'            , 103074 , 1015897),
	(130401 , 'self'            , 103074 , 1015898),
	(130402 , 'director'        , 103074 , 1015899),
	(130403 , 'writer'          , 103074 , 1015900),
	(130404 , 'cinematographer' , 103074 , 1015901),
	(130405 , 'cinematographer' , 103074 , 1015902),
	(130406 , 'editor'          , 103074 , 1015903),
	(120868 , 'composer' , 102110 , 1000110),
	(120869 , 'actor'    , 102110 , 1006121),
	(120870 , 'actress'  , 102110 , 1011966),
	(120871 , 'actress'  , 102110 , 1004163),
	(120872 , 'actress'  , 102110 , 1010779),
	(120873 , 'director' , 102110 , 1000106),
	(120874 , 'writer'   , 102110 , 1002937),
	(120875 , 'writer'   , 102110 , 1011967),
	(120876 , 'producer' , 102110 , 1011968),
	(120877 , 'producer' , 102110 , 1009753),
	(120189 , 'actor'               , 102041 , 1003371),
	(120190 , 'actress'             , 102041 , 1000716),
	(120191 , 'actor'               , 102041 , 1005234),
	(120192 , 'actor'               , 102041 , 1011651),
	(120193 , 'director'            , 102041 , 1001614),
	(120194 , 'director'            , 102041 , 1001615),
	(120195 , 'composer'            , 102041 , 1001617),
	(120196 , 'cinematographer'     , 102041 , 1001468),
	(120197 , 'production_designer' , 102041 , 1011652),
	(115650 , 'actor'           , 101584 , 1002965),
	(115651 , 'actress'         , 101584 , 1001137),
	(115652 , 'self'            , 101584 , 1009611),
	(115653 , 'self'            , 101584 , 1009612),
	(115654 , 'director'        , 101584 , 1003761),
	(115655 , 'writer'          , 101584 , 1009613),
	(115656 , 'composer'        , 101584 , 1001037),
	(115657 , 'cinematographer' , 101584 , 1002024),
	(115658 , 'editor'          , 101584 , 1009614),
	(113355 , 'self'     , 101352 , 1008537),
	(113356 , 'self'     , 101352 , 1008538),
	(113357 , 'self'     , 101352 , 1008539),
	(113358 , 'self'     , 101352 , 1008540),
	(113359 , 'director' , 101352 , 1008541),
	(113360 , 'writer'   , 101352 , 1008542),
	(113361 , 'producer' , 101352 , 1000273),
	(113362 , 'composer' , 101352 , 1008543),
	(113363 , 'editor'   , 101352 , 1008544),
	(109935 , 'editor'          , 101006 , 1006865),
	(109936 , 'actor'           , 101006 , 1001977),
	(109937 , 'actress'         , 101006 , 1001102),
	(109938 , 'actor'           , 101006 , 1006577),
	(109939 , 'actor'           , 101006 , 1006866),
	(109940 , 'director'        , 101006 , 1004109),
	(109941 , 'writer'          , 101006 , 1006867),
	(109942 , 'producer'        , 101006 , 1006868),
	(109943 , 'composer'        , 101006 , 1001476),
	(109944 , 'cinematographer' , 101006 , 1001738),
	(101151 , 'editor'          , 100117 , 1001093),
	(101152 , 'actor'           , 100117 , 1000349),
	(101153 , 'actor'           , 100117 , 1001094),
	(101154 , 'actor'           , 100117 , 1001095),
	(101155 , 'actress'         , 100117 , 1001096),
	(101156 , 'director'        , 100117 , 1001097),
	(101157 , 'writer'          , 100117 , 1001098),
	(101158 , 'producer'        , 100117 , 1001099),
	(101159 , 'cinematographer' , 100117 , 1001100),
	(101160 , 'editor'          , 100117 , 1001101),
	(103992 , 'composer'        , 100405 , 1003150),
	(103993 , 'self'            , 100405 , 1000042),
	(103994 , 'self'            , 100405 , 1002751),
	(103995 , 'archive_footage' , 100405 , 1001039),
	(103996 , 'self'            , 100405 , 1003336),
	(103997 , 'director'        , 100405 , 1003337),
	(103998 , 'director'        , 100405 , 1003338),
	(103999 , 'director'        , 100405 , 1003339),
	(104000 , 'producer'        , 100405 , 1003340),
	(104001 , 'producer'        , 100405 , 1003341),
	(107443 , 'cinematographer' , 100754 , 1005549),
	(107444 , 'self'            , 100754 , 1005550),
	(107445 , 'self'            , 100754 , 1005551),
	(107446 , 'self'            , 100754 , 1005552),
	(107447 , 'self'            , 100754 , 1005553),
	(107448 , 'director'        , 100754 , 1005554),
	(107449 , 'producer'        , 100754 , 1005555),
	(107450 , 'composer'        , 100754 , 1005556),
	(107451 , 'cinematographer' , 100754 , 1005557),
	(107452 , 'cinematographer' , 100754 , 1005558),
	(108003 , 'production_designer' , 100811 , 1005840),
	(108004 , 'actor'               , 100811 , 1002336),
	(108005 , 'actor'               , 100811 , 1002071),
	(108006 , 'actor'               , 100811 , 1004397),
	(108007 , 'actor'               , 100811 , 1005841),
	(108008 , 'director'            , 100811 , 1005842),
	(108009 , 'writer'              , 100811 , 1005843),
	(108010 , 'producer'            , 100811 , 1005844),
	(108011 , 'cinematographer'     , 100811 , 1005845),
	(108012 , 'editor'              , 100811 , 1005846),
	(108656 , 'actor'               , 100877 , 1002062),
	(108657 , 'actor'               , 100877 , 1001748),
	(108658 , 'actor'               , 100877 , 1004085),
	(108659 , 'actor'               , 100877 , 1000972),
	(108660 , 'writer'              , 100877 , 1005203),
	(108661 , 'composer'            , 100877 , 1002061),
	(108662 , 'cinematographer'     , 100877 , 1002419),
	(108663 , 'editor'              , 100877 , 1002413),
	(108664 , 'production_designer' , 100877 , 1000252),
	(108665, 'director', 100877 , 1002062),
	(130755,  'self',   103110,    	1016032),
	(130756,  'self',   103110,    	1016033),
	(130757,  'self',   103110,    	1016034),
	(130758,  'self',   103110,    	1016035),
	(130759,  'self',   103110,    	1016036),
	(130760,  'director',   103110,    	1016037),
	(130761,  'producer',   103110,    	1016038),
	(130762,  'cinematographer',   103110,    	1016039),
	(130763,  'editor',   103110,    	1016040),
	(130764,  'self',   103110,    	1016041)
;
